channel,clean_text
ZemenExpress,Saachi Electric Kettle Borosilicate Glass Body Overheat protection Automatic switch off 2200w ዋጋ፦ 2700 ብር ር ውስን ፍሬ ነው ያለው አድራሻ መገናኛ_መሰረት_ደፋር_ሞል_ሁለተኛ_ፎቅ ቢሮ ቁ. S05 S06 0902660722 0928460606 በTelegram ለማዘዝ ይጠቀሙ zemencallcenter zemenexpressadmin ለተጨማሪ ማብራሪያ የቴሌግራም ገፃችን https telegram.me zemenexpress
ZemenExpress,"Shock and Noise Cancelling Washing Machine Support Washer and Dryer Pedestals,Anti Slip Anti Vibration Rubber Washing Machine Feet Pads Washing Machine Stabilizer for Raise Height Reduce Noise 4PCS ዋጋ፦ 500 ብር ር ውስን ፍሬ ነው ያለን አድራሻ መገናኛ_መሰረት_ደፋር_ሞል_ሁለተኛ_ፎቅ ቢሮ ቁ. S05 S06 0902660722 0928460606 በTelegram ለማዘዝ ይጠቀሙ zemencallcenter zemenexpressadmin ለተጨማሪ ማብራሪያ የቴሌግራም ገፃችን https telegram.me zemenexpress"
ZemenExpress,WaterProof Shower Cap reusable ዋጋ፦ 200 ብር ር ውስን ፍሬ ነው ያለው አድራሻ መገናኛ_መሰረት_ደፋር_ሞል_ሁለተኛ_ፎቅ ቢሮ ቁ. S05 S06 0902660722 0928460606 በTelegram ለማዘዝ ይጠቀሙ zemencallcenter zemenexpressadmin ለተጨማሪ ማብራሪያ የቴሌግራም ገፃችን https telegram.me zemenexpress
ZemenExpress,3pcs Bottle Stopper በማንኛውም ጠርሙስ ጫፍ የሚገጠም ለዘይት እና መሰል ነገሮች መቀነሻ የሚሆን በአግባቡ እየመጠንን ለመጠቀም ተመራጭ ዋጋ፦ 3ፍሬ 400 ብር ር ውስን ፍሬ ነው ያለው አድራሻ መገናኛ_መሰረት_ደፋር_ሞል_ሁለተኛ_ፎቅ ቢሮ ቁ. S05 S06 0902660722 0928460606 በTelegram ለማዘዝ ይጠቀሙ zemencallcenter zemenexpressadmin ለተጨማሪ ማብራሪያ የቴሌግራም ገፃችን https telegram.me zemenexpress
ZemenExpress,Smart Usb Ultrasonic Car And Home Air Humidifier With Colorful Led Light Original High quality በኤሌክትሪክ የሚሰራ ለቤትና ለመኪና መልካም መዓዛን የሚሰጥ Elevate the comfort level within your living premises with this fantastic Green Lion Air Mist Humidifier. ዋጋ፦ 1100 ብር ር ውስን ፍሬ ነው ያለን አድራሻ መገናኛ_መሰረት_ደፋር_ሞል_ሁለተኛ_ፎቅ ቢሮ ቁ. S05 S06 0902660722 0928460606 በTelegram ለማዘዝ ይጠቀሙ zemencallcenter zemenexpressadmin ለተጨማሪ ማብራሪያ የቴሌግራም ገፃችን https telegram.me zemenexpress
helloomarketethiopia,ለፀጉሮ ልስላሴ እና ጥንካሬን እንዲሁም የቆዳ ድርቀትን የሚከላከለውን ጂኤስቲ ሻንፖ ለማዘዝ 0974312223 ይደውሉ ወይም https t.me helloo_market_bot?start 117110001 ይጠቀሙ! Madeinethiopia BeautyProducts Ethiopian Marketplace BuyEthiopia
helloomarketethiopia,ሁለት ሲገዙ 5 ቅናሽ ሙሉ በሙሉ የመኝታ ቤትዎን ውበት የሚጨምር አነሶላ ለማዘዝ 8420 ይደውሉ ወይም https t.me helloo_market_bot?start 175610010 ይጠቀሙ! መጠን 2.40 1.75 ብር ዛት ሁለት አንሶላ እና ሁለት የተራስ ልብስ Madeinethiopia Bedding Ethiopian Marketplace BuyEthiopia
helloomarketethiopia,"የሃገር ውስጥ አምራች ከሆናችሁ ሊያመልጣችሁ የማይገባ ቀን! ሚያዝያ 4, 2017 በሃያት ሪጀንሲ ከ4 ሰዓት ጀምሮ ሄሎ ማርኬት እንደገና እንተዋወቅ ይላችኋል! አዲሱን የዱቤ መተግበሪያችንን ከሌሎች ዲጂታል መፍትሄዎች ጋር በአካል ልናስተዋውቃችሁ ቀጠሮ ይዘናል። በቀኑ በሄሎማርኬት ፕላትፎርም ላይ በአካል አምጥታችሁ የምታስመዘግቧቸውን ምርቶች ብቻ፤ ያለ አገልግሎት ክፍያ እንዲሸጥላችሁ ስላመቻቸን ከምርቶቻችሁ ጋር ተገኝታችሁ ተጠቃሚ ሁኑ! HellooMarket"
helloomarketethiopia,ከለውዝ እና ከኦትስ በሁለት አይነት በጣፋጭ ጠዕም የቀረበ ጉርሻ እስናክ ለማዘዝ 0974312223 ይደውሉ ወይም https t.me helloo_market_bot?start 173910003 ይጠቀሙ! Madeinethiopia Food Ethiopian Marketplace BuyEthiopia
helloomarketethiopia,ለሻጮቻችን በሙሉ እንዳያመልጣችሁ! አዲስ የዱቤ መተግበሪያ እና ሌሎች የዲጂታል መፍትሄዎችን በአካል ስለሚያስተዋውቁን በቀጠሮው እንገናኝ። በቀኑ በሄሎማርኬት ፕላትፎርም ላይ በአካል አምጥታችሁ የምታስመዘግቧቸውን ምርቶች ብቻ፤ ያለ አገልግሎት ክፍያ እንዲሸጥላችሁ ስላመቻቸን ከምርቶቻችሁ ጋር ተገኝታችሁ ተጠቃሚ ሁኑ! HellooMarket YenegewBazaar
unknown,እንኳን ለ1446ኛ የኢድ አል ፈጥር በዓል በሰላም አደረሳችሁ! ዒድ ሙባረክ!
unknown,የተለያዩ ጫማዎች በፍሬ መምረጥ ማስመረጥ ለምትፈልጉ ደንበኞቻችን አዲስ ነገር ስላለ ሁለተኛውን ቻናላችንን ይቀላቀሉ https t.me mulebestbran https t.me mulebestbran
unknown,በረፍት ቀንዎ እየተዝናኑ መገብየት ከፈለጉ በ 2ቱም ቅርንጫፎቻችን ከጠዋቱ 2 30 እስከ ቀኑ 10 00 ክፍት ሆነዉ ይጠብቆዎታል
unknown,ይጠቀማሉ ብለው ለምታስቧቸው አሁኑኑ ላኩላቸው! ሶስት ቀናት ብቻ ቀሩት!
unknown,በረፍት ቀንዎ እየተዝናኑ መገብየት ከፈለጉ በ 2ቱም ቅርንጫፎቻችን ከጠዋቱ 2 30 እስከ ቀኑ 10 00 ክፍት ሆነዉ ይጠብቆዎታል
Fashiontera,"GOUPU Made in Vietnam Size 40,42 Price 3500 Free Delivery Inbox Hiwe5266 ስልክ 251945355266 ፋሽን ተራ Fashion Tera አድራሻ አዲስ አበባ ,ጦር ሀይሎች ድሪም ታወር 2ተኛ ፎቅ ቢሮ ቁጥር 205"
Fashiontera,"Jordan low Made in Vietnam Size 40,41,42,43 Price 3800 Free Delivery Inbox Hiwe5266 ስልክ 251945355266 ፋሽን ተራ Fashion Tera አድራሻ አዲስ አበባ ,ጦር ሀይሎች ድሪም ታወር 2ተኛ ፎቅ ቢሮ ቁጥር 205"
Fashiontera,"NB Size 41,42,43 Price 3200 Free Delivery Inbox Hiwe5266 ስልክ 251945355266 ፋሽን ተራ Fashion Tera አድራሻ አዲስ አበባ ,ጦር ሀይሎች ድሪም ታወር 2ተኛ ፎቅ ቢሮ ቁጥር 205"
Fashiontera,"Nike Made in Vietnam Size 42,43 Price 3500 Free Delivery Inbox Hiwe5266 ስልክ 251945355266 ፋሽን ተራ Fashion Tera አድራሻ አዲስ አበባ ,ጦር ሀይሎች ድሪም ታወር 2ተኛ ፎቅ"
Fashiontera,"Skechers Made in Vietnam Size 42,44 Price 35000 Free Delivery Inbox Hiwe5266 ስልክ 251945355266 ፋሽን ተራ Fashion Tera አድራሻ አዲስ አበባ ,ጦር ሀይሎች ድሪም ታወር 2ተኛ ፎቅ ቢሮ ቁጥር 205"
modernshoppingcenter,ቴሌግራም t.me modernshoppingcenter በአዲስ ነገረ ሁሌም ቀዳሚዏች ነን Honey comb fabric forefoot pads ለስላሳ እና ምቾት ያለው በማንኛውም ጊዜ የሚለበስ በተለይ ረጅም ሂል ላላቸዉ ጫማዎች ተመራጭ ለአጠቃቀም ቀላል በ 250 የቲክ ቶክ ፔጃችንን ለማግኘት ሊንኩን ይጫኑ http tiktok.com modernshoppingcenter1 0924743736 0974978584 በስራችን ላይ ቅሬታ ካለዎት ብቻ በዚህ ስልክ ደዉለዉ ያሳዉቁን። 0961373839 የመረጡትን እቃ ለማዘዝ ከታች ባለዉ የቴሌግራም አድራሻ Link ይላኩልን t.me modernshopping1 t.me modernshopping2 አዲስ አበባ ዉስጥ ከ150 ብር ር እስከ 200 ብር ር ብቻ በማስከፈል ያሉበት ድረስ በፈጣን ሞተረኞቻችን እንልክልዏታለን። ለክፍለ ሀገር ደንበኞቻችን በመነሐሪያ በኩል አድርገን በሹፌር እንልካለን። አድራሻ ቁጥር 1 ጉርድሾላ ከሴንቸሪ ሞል ትንሽ ዝቅ እንዳሉ ሆሊሲቲ ሴንተር ላይ እንደገቡ ፊትለፊት ከሊፍቱ በግራ በኩል ሚዛን ላይ M06 ቁጥር 2 ጀሞ መስታወት ፋብሪካ ጭስ መዉጫዉ ፊትለፊት ራሐ ሞል ግራዉንድ ፍሎር ከደረጃዉ ጎን ትልቁ ሚና ፈርኒቸር ያለበት ህንፃ በሞደርን እቃወዏች ሂወትዎን ሞደርናይዝ ያድርጉ
modernshoppingcenter,ልዩ እዉነተኛ የበዓል ቅናሽ ከግንቦት 2 4 እስከ ሰኔ 2 ድረስ የሚቆይ እዉነተኛ ቅናሽ አድርገናል። እንዲሁም በነዚሁ ቀናቶች ከ3000 በላይ ለሚገዙ ደንበኞቻችን ልዩ የበዓል ስጦታ አዘጋጅተናል 100 ኳሊቲ የሆነ የስጋ መዶሻ በሁለቱም በኩል መጠቀም የሚያስችል ስጋን ለማለስለስ ተመራጭ በተለይ በርገር ለማዘጋጀት የሚሆን ጠንካራና አስተማማኝ እቃ ለአጠቃቀም ሆነ ለማፅዳት በጣም ቀላል በ 800 የቲክ ቶክ ፔጃችንን ለማግኘት ሊንኩን ይጫኑ http tiktok.com modernshoppingcenter1 0924743736 0974978584 በስራችን ላይ ቅሬታ ካለዎት ብቻ በዚህ ስልክ ደዉለዉ ያሳዉቁን። 0961373839 የመረጡትን እቃ ለማዘዝ ከታች ባለዉ የቴሌግራም አድራሻ ይላኩልን t.me modernshopping1 t.me modernshopping2 አዲስ አበባ ዉስጥ ከ150 ብር ር እስከ 200 ብር ር ብቻ በማስከፈል ያሉበት ድረስ በፈጣን ሞተረኞቻችን እንልክልዏታለን። ለክፍለ ሀገር ደንበኞቻችን በመነሐሪያ በኩል አድርገን በሹፌር እንልካለን። አድራሻ ቁጥር 1 ጉርድሾላ ከሴንቸሪ ሞል ትንሽ ዝቅ እንዳሉ ሆሊ ሲቲ ሴንተር ሞል ላይ እንደገቡ ፊትለፊት ከሊፍቱ በግራ በኩል ሚዛን ላይ M06 ቁጥር 2 ጀሞ መስታወት ፋብሪካ ጭስ መዉጫዉ ፊት ለፊት ራሐ ሞል ግራዉንድ ፍሎር ከደረጃዉ ጎን RM G 06 ትልቁ ሚና ፈርኒቸር ያለበት ህንፃ በሞደርን እቃወዏች ሂወትዎን ሞደርናይዝ ያድርጉ
modernshoppingcenter,ቴሌግራም t.me modernshoppingcenter በአዲስ ነገረ ሁሌም ቀዳሚዏች ነን የቃሪያ መቁረጫ ና መፈልፈያ ምላጩ እስቴለስ እስቲል የሆነ የእንጨት እጀታ ያለው በተጨማሪም ለሌሎችም አትክልቶች የሚሆን ለአጠቃቀም ቀላል በ 500 የቲክ ቶክ ፔጃችንን ለማግኘት ሊንኩን ይጫኑ http tiktok.com modernshoppingcenter1 0924743736 0974978584 በስራችን ላይ ቅሬታ ካለዎት ብቻ በዚህ ስልክ ደዉለዉ ያሳዉቁን። 0961373839 የመረጡትን እቃ ለማዘዝ ከታች ባለዉ የቴሌግራም አድራሻ Link ይላኩልን t.me modernshopping1 t.me modernshopping2 አዲስ አበባ ዉስጥ ከ150 ብር ር እስከ 200 ብር ር ብቻ በማስከፈል ያሉበት ድረስ በፈጣን ሞተረኞቻችን እንልክልዏታለን። ለክፍለ ሀገር ደንበኞቻችን በመነሐሪያ በኩል አድርገን በሹፌር እንልካለን። አድራሻ ቁጥር 1 ጉርድሾላ ከሴንቸሪ ሞል ትንሽ ዝቅ እንዳሉ ሆሊሲቲ ሴንተር ላይ እንደገቡ ፊትለፊት ከሊፍቱ በግራ በኩል ሚዛን ላይ M06 ቁጥር 2 ጀሞ መስታወት ፋብሪካ ጭስ መዉጫዉ ፊትለፊት ራሐ ሞል ግራዉንድ ፍሎር ከደረጃዉ ጎን ትልቁ ሚና ፈርኒቸር ያለበት ህንፃ በሞደርን እቃወዏች ሂወትዎን ሞደርናይዝ ያድርጉ
modernshoppingcenter,ልዩ እዉነተኛ የበዓል ቅናሽ ከግንቦት 2 4 እስከ ሰኔ 2 ድረስ የሚቆይ እዉነተኛ ቅናሽ አድርገናል። እንዲሁም በነዚሁ ቀናቶች ከ3000 በላይ ለሚገዙ ደንበኞቻችን ልዩ የበዓል ስጦታ አዘጋጅተናል ኳሊቲ ሰርቢስ 3 የተለያዩ መጠን ያላቸው ቢወድቅ የማይሰበር ውብ እና ማራኪ እቃ በ 1500 የቲክ ቶክ ፔጃችንን ለማግኘት ሊንኩን ይጫኑ http tiktok.com modernshoppingcenter1 0924743736 0974978584 በስራችን ላይ ቅሬታ ካለዎት ብቻ በዚህ ስልክ ደዉለዉ ያሳዉቁን። 0961373839 የመረጡትን እቃ ለማዘዝ ከታች ባለዉ የቴሌግራም አድራሻ ይላኩልን t.me modernshopping1 t.me modernshopping2 አዲስ አበባ ዉስጥ ከ150 ብር ር እስከ 200 ብር ር ብቻ በማስከፈል ያሉበት ድረስ በፈጣን ሞተረኞቻችን እንልክልዏታለን። ለክፍለ ሀገር ደንበኞቻችን በመነሐሪያ በኩል አድርገን በሹፌር እንልካለን። አድራሻ ቁጥር 1 ጉርድሾላ ከሴንቸሪ ሞል ትንሽ ዝቅ እንዳሉ ሆሊ ሲቲ ሴንተር ሞል ላይ እንደገቡ ፊትለፊት ከሊፍቱ በግራ በኩል ሚዛን ላይ M06 ቁጥር 2 ጀሞ መስታወት ፋብሪካ ጭስ መዉጫዉ ፊት ለፊት ራሐ ሞል ግራዉንድ ፍሎር ከደረጃዉ ጎን RM G 06 ትልቁ ሚና ፈርኒቸር ያለበት ህንፃ በሞደርን እቃወዏች ሂወትዎን ሞደርናይዝ ያድርጉ
modernshoppingcenter,ቴሌግራም t.me modernshoppingcenter በአዲስ ነገረ ሁሌም ቀዳሚዏች ነን የጥራጥሬ እና የቅመማቅመም ማስቀመጫ ስድስት አይነት ጥራጥሬዎችን ይይዛል 360 ዲግሪ ይዞራል የራሱ መቀበያ ያለው ለኪችን ካቢኔትዎ ውበት የሚሰጥ ለአጠቃቀም ቀላል በ 4000 የቲክ ቶክ ፔጃችንን ለማግኘት ሊንኩን ይጫኑ http tiktok.com modernshoppingcenter1 0924743736 0974978584 በስራችን ላይ ቅሬታ ካለዎት ብቻ በዚህ ስልክ ደዉለዉ ያሳዉቁን። 0961373839 የመረጡትን እቃ ለማዘዝ ከታች ባለዉ የቴሌግራም አድራሻ Link ይላኩልን t.me modernshopping1 t.me modernshopping2 አዲስ አበባ ዉስጥ ከ150 ብር ር እስከ 200 ብር ር ብቻ በማስከፈል ያሉበት ድረስ በፈጣን ሞተረኞቻችን እንልክልዏታለን። ለክፍለ ሀገር ደንበኞቻችን በመነሐሪያ በኩል አድርገን በሹፌር እንልካለን። አድራሻ ቁጥር 1 ጉርድሾላ ከሴንቸሪ ሞል ትንሽ ዝቅ እንዳሉ ሆሊሲቲ ሴንተር ላይ እንደገቡ ፊትለፊት ከሊፍቱ በግራ በኩል ሚዛን ላይ M06 ቁጥር 2 ጀሞ መስታወት ፋብሪካ ጭስ መዉጫዉ ፊትለፊት ራሐ ሞል ግራዉንድ ፍሎር ከደረጃዉ ጎን ትልቁ ሚና ፈርኒቸር ያለበት ህንፃ በሞደርን እቃወዏች ሂወትዎን ሞደርናይዝ ያድርጉ
Shewabrand,stock jeans ORIGINAL Size 29 30 31 32 33 34 36 SHEWA BRAND አድራሻ ድሬዳዋ አሸዋ ሚና ህንፃ 1ኛ ፎቅ ላይ እንገኛለን የቴሌግራም ቻናላችንን ይቀላቀሉ https t.me shewabrand https t.me shewabrand https t.me shewabrand https t.me shewabrand የቤት ቁጥር 109 እና 110 በ inbox shewat2 አዋሩን 0987336458 0948595409 ይደውሉልን
Shewabrand,AIR JORDAN 1 shein ORIGINAL Size 40 41 42 43 MADE IN VIETNAM SHEWA BRAND አድራሻ ድሬዳዋ አሸዋ ሚና ህንፃ 1ኛ ፎቅ ላይ እንገኛለን የቴሌግራም ቻናላችንን ይቀላቀሉ https t.me shewabrand https t.me shewabrand https t.me shewabrand https t.me shewabrand የቤት ቁጥር 109 እና 110 በ inbox shewat2 አዋሩን 0987336458 0948595409 ይደውሉልን
Shewabrand,Under armour Curry 11ORIGINAL Size 40 41 42 43 44 MADE IN VIETNAM SHEWA BRAND አድራሻ ድሬዳዋ አሸዋ ሚና ህንፃ 1ኛ ፎቅ ላይ እንገኛለን የቴሌግራም ቻናላችንን ይቀላቀሉ https t.me shewabrand https t.me shewabrand https t.me shewabrand https t.me shewabrand የቤት ቁጥር 109 እና 110 በ inbox shewat2 አዋሩን 0987336458 0948595409 ይደውሉልን
Shewabrand,PUMA SPIREX ORIGINAL Size 40 41 42 43 MADE IN VIETNAM SHEWA BRAND አድራሻ ድሬዳዋ አሸዋ ሚና ህንፃ 1ኛ ፎቅ ላይ እንገኛለን የቴሌግራም ቻናላችንን ይቀላቀሉ https t.me shewabrand https t.me shewabrand https t.me shewabrand https t.me shewabrand የቤት ቁጥር 109 እና 110 በ inbox shewat2 አዋሩን 0987336458 0948595409 ይደውሉልን
Shewabrand,JORDAN 4 ORIGINAL Size 36 37 38 39 MADE IN VIETNAM SHEWA BRAND አድራሻ ድሬዳዋ አሸዋ ሚና ህንፃ 1ኛ ፎቅ ላይ እንገኛለን የቴሌግራም ቻናላችንን ይቀላቀሉ https t.me shewabrand https t.me shewabrand https t.me shewabrand https t.me shewabrand የቤት ቁጥር 109 እና 110 በ inbox shewat2 አዋሩን 0987336458 0948595409 ይደውሉልን
